<?xml version="1.0" encoding="UTF-8"?>
<project-private xmlns="http://www.netbeans.org/ns/project-private/1">
    <editor-bookmarks xmlns="http://www.netbeans.org/ns/editor-bookmarks/2" lastBookmarkId="0"/>
    <open-files xmlns="http://www.netbeans.org/ns/projectui-open-files/2">
        <group>
            <file>file:/G:/Documentos/MeusProjetos/Java/Exemplo26_Bolinhas/src/exemplo26_bolinhas/Exemplo26_Bolinhas.java</file>
            <file>file:/G:/Documentos/MeusProjetos/Java/Exemplo26_Bolinhas/src/exemplo26_bolinhas/Classe_Bola.java</file>
            <file>file:/G:/Documentos/MeusProjetos/Java/Exemplo26_Bolinhas/src/exemplo26_bolinhas/JPanelBolinhas.java</file>
        </group>
    </open-files>
</project-private>
