<?xml version="1.0" encoding="UTF-8"?>
<project-private xmlns="http://www.netbeans.org/ns/project-private/1">
    <editor-bookmarks xmlns="http://www.netbeans.org/ns/editor-bookmarks/2" lastBookmarkId="0"/>
    <open-files xmlns="http://www.netbeans.org/ns/projectui-open-files/2">
        <group>
            <file>file:/G:/Documentos/MeusProjetos/Java/Exemplo28-ClasseCliente/src/Clientes/Cliente.java</file>
            <file>file:/G:/Documentos/MeusProjetos/Java/Exemplo28-ClasseCliente/src/Clientes/Parceiro.java</file>
            <file>file:/G:/Documentos/MeusProjetos/Java/Exemplo28-ClasseCliente/src/exemplo28/classecliente/Exemplo28ClasseCliente.java</file>
            <file>file:/G:/Documentos/MeusProjetos/Java/Exemplo28-ClasseCliente/src/InterfaceGrafica/JFrameMenu.java</file>
            <file>file:/G:/Documentos/MeusProjetos/Java/Exemplo28-ClasseCliente/src/InterfaceGrafica/JFrameInserirColab.java</file>
            <file>file:/G:/Documentos/MeusProjetos/Java/Exemplo28-ClasseCliente/src/InterfaceGrafica/JFrameInserir.java</file>
            <file>file:/G:/Documentos/MeusProjetos/Java/Exemplo28-ClasseCliente/src/InterfaceGrafica/JFrameListaColaboradores.java</file>
            <file>file:/G:/Documentos/MeusProjetos/Java/Exemplo28-ClasseCliente/src/InterfaceGrafica/JFrameListaClientes.java</file>
            <file>file:/G:/Documentos/MeusProjetos/Java/Exemplo28-ClasseCliente/src/Clientes/Colaborador.java</file>
        </group>
    </open-files>
</project-private>
