<?xml version="1.0" encoding="UTF-8"?>
<project-private xmlns="http://www.netbeans.org/ns/project-private/1">
    <editor-bookmarks xmlns="http://www.netbeans.org/ns/editor-bookmarks/2" lastBookmarkId="0"/>
    <open-files xmlns="http://www.netbeans.org/ns/projectui-open-files/2">
        <group>
            <file>file:/G:/Documentos/MeusProjetos/Java/Tarefa02SGUtentes/src/Classes/Utente.java</file>
            <file>file:/G:/Documentos/MeusProjetos/Java/Tarefa02SGUtentes/src/InterfaceGrafica/JFrameInserirUtente.java</file>
            <file>file:/G:/Documentos/MeusProjetos/Java/Tarefa02SGUtentes/src/InterfaceGrafica/JFrameListaUtentes.java</file>
            <file>file:/G:/Documentos/MeusProjetos/Java/Tarefa02SGUtentes/src/InterfaceGrafica/JFrameProcurarUtente.java</file>
            <file>file:/G:/Documentos/MeusProjetos/Java/Tarefa02SGUtentes/src/InterfaceGrafica/JFrameMenu.java</file>
        </group>
    </open-files>
</project-private>
